PERSON_ID,FIRSTNAME,LASTNAME
1,Carl,Lewis
2,Jesse,Owens
3,Tiger,Woods
4,Shane,Warne
5,Fred,Perry
6,Greg,Lemond
7,Steve,Davis
8,Martina,Seles
84,Firstname 77,Lastname 59
4a5de503-3679-421e-af81-1f64d1d1b91f,Firstname 40,Lastname 24
d7c28da9-755f-4125-a5d0-57c7fb917963,Firstname 77,Lastname 70
36a33f4c-5c7e-455e-8fc4-14cfef4e2dd1,Firstname 43,Lastname 25
57a37f04-4c54-452c-a80f-3a9723bf7630,Firstname 37,Lastname 30
ae56cf90-308c-4004-b221-3c645b33539c,Firstname 9,Lastname 14
2fc22773-f296-4aec-9343-cad3b4ae916d,Firstname 12,Lastname 69
2e36e473-7f5e-4b81-880c-ccfbc6ded8ef,Firstname 88,Lastname 12
cf559423-04f5-4657-91fb-ddf4ab51b1f0,Firstname 48,Lastname 15
f46aeffd-18db-4def-b9c4-4b3f722ba91e,Firstname 58,Lastname 87
d80d6531-83d4-410a-9015-4ba739e7a3d3,Firstname 95,Lastname 2
502e1536-09d8-4e40-a068-4fd01e03a650,Firstname 87,Lastname 91
120c7289-0cc5-4fac-9872-a4a929181b5a,Firstname 59,Lastname 37
4ddbbe62-eb92-47fa-b953-54bd94e6cbc4,Firstname 43,Lastname 63
1d53c7ae-69a5-4a76-8702-b454af6aba31,Firstname 3,Lastname 76
a6945e9c-f375-424c-9524-93d0404068f1,Firstname 95,Lastname 2
7fe00529-173d-41ce-9790-f85c4949a8f6,Firstname 88,Lastname 0
de70a845-8dbd-41be-b900-1c0a1ee1afba,Firstname 64,Lastname 32
5f534906-dc6d-402c-8cfa-6e043e94bb63,Firstname 36,Lastname 53
d3080d39-b0c2-4d60-93ea-6745e7be57b0,Firstname 27,Lastname 87
423f9c40-823a-408f-94bc-23fc46184ec1,Firstname 87,Lastname 97
f43d5443-3feb-4e11-9ccf-bf90268b8fbb,Firstname 45,Lastname 11
bd8eebc6-23f0-4f2c-b86b-55f6df022c44,Firstname 40,Lastname 63
18732eef-8fb8-4f1c-a941-1abce87e1af4,Firstname 84,Lastname 39
3f408b93-aa8a-4ada-94c0-35a1eb256e8d,Firstname 10,Lastname 14
016ebb24-583f-414c-a7b5-5296278bd19d,Firstname 44,Lastname 72
52952c73-b2a8-4e27-b3e4-cdb2750dbec6,Firstname 71,Lastname 50
32a2e0f4-efde-4e6e-bc5f-d16626b8f879,Firstname 96,Lastname 52
0736418d-5b8b-4669-9f69-fad0d2baa503,Firstname 8,Lastname 87
4d165be2-1097-4b42-b363-4dbc3b1af070,Firstname 88,Lastname 83
